dog_breed,category,datadog_score,popularity_in_us,lifetime_cost_usd,intelligence_trainability_ranking,intelligence_trainability_percent,longevity_years,longevity_percent,num_genetic_ailments,genetic_ailments_percent,avg_purchase_price_us,avg_purchase_price_us_percent,food_costs_yearly_usd,food_costs_yearly_percent,grooming_required,grooming_required_percent,suitability_for_children_score,suitability_for_children_percent,ultimate top_dog_mega_score_kids,ultimate_top_data_dog_mega_ranking_no_kids,ultimate_top_data_dog_mega_ranking_kids,ultimate_top_dog_mega_score,popularity_rating,size_category,weight_kg,weight_lbs,shoulder_height_cm,shoulder_height_in,intelligence_category,repetitions_new_commands,obey_first_command_percent,longevity_sample_size,genetic_diseases_congenital,congenital_ailments_areas_affected,lifetime_cost_usd.1,lifetime_cost_percent,avg_purchase_price_usd,price_category,lowest_usd,highest_usd,avg_food_weekly_â£,min_gpb,max_gpb,food_weekly_usd,food_yearly_usd,food_lifetime_usd,other_costs_total_usd,total_yearly_usd,total_yearly_gbp,treats_enrichment_yearly_gpb,pet_sitters_yearly_gbp,grooming_yearly_gbp,vet_fees_yearly_gbp,startup_costs
Border Collie,herding,3.64,45,20143.0,1,1.0,12.52,0.79,2,0.78,623,0.71,324.0,0.68,2,0.75,3,0.0,4.02,1.0,29.0,3.64,45.0,medium,no data,no data,51,20,Brightest,<5,>95,164,"eye problems, deafness","Collie eye anomaly, deafness",17404,0.48,623,budget,175,1050,4,4,4,5.34,278.0,3486,13095,1046,784,121,126,244,177,200
Border Terrier,terrier,3.61,80,22638.0,30,0.7,14.0,0.98,0,1.0,833,0.44,324.0,0.68,2,0.75,1,1.0,4.99,2.0,1.0,3.61,80.0,small,6,13.5,no data,no data,Above average,15-25,>70,177,none,none,19575,0.14,833,mid-price,250,1200,4,4,4,5.34,278.0,3898,14643,1046,784,121,126,244,177,200
Brittany,sporting,3.54,30,22589.0,19,0.8,12.92,0.89,0,1.0,618,0.72,466.0,0.23,2,0.75,2,0.5,4.42,3.0,11.0,3.54,30.0,medium,16,35,48,19,Excellent,15-May,>85,28,none,none,19503,0.16,618,budget,300,1200,5.75,4,7.5,7.67,400.0,5171,13514,1046,784,121,126,244,177,200
Cairn Terrier,terrier,3.53,59,21992.0,35,0.61,13.84,0.95,2,0.78,435,0.95,324.0,0.68,2,0.75,1,1.0,4.91,4.0,2.0,3.53,59.0,small,6,14,25,10,Above average,15-25,>70,156,"'lion jaw', heart problems  ","Craniomandibular osteopathy (""lion jaw""), Mitral valve dysplasia",18965,0.23,435,budget,300,600,4,4,4,5.34,278.0,3854,14476,1046,784,121,126,244,177,200
Welsh Springer Spaniel,sporting,3.34,130,20224.0,31,0.69,12.49,0.77,1,0.89,750,0.55,324.0,0.68,2,0.75,1,1.0,4.71,5.0,4.0,3.34,130.0,medium,no data,no data,46,18,Above average,15-25,>70,172,hip problems,hip dysplasia,17492,0.46,750,mid-price,750,750,4,4,4,5.34,278.0,3478,13064,1046,784,121,126,244,177,200
English Cocker Spaniel,sporting,3.33,63,18993.0,18,0.82,11.66,0.54,0,1.0,800,0.52,324.0,0.68,2,0.75,1,1.0,4.7,6.0,5.0,3.33,63.0,medium,14,30,41,16,Excellent,15-May,>85,1199,none,none,16442,0.63,800,mid-price,600,1000,4,4,4,5.34,278.0,3247,12196,1046,784,121,126,244,177,200
Cocker Spaniel,sporting,3.3,27,24330.0,20,0.79,12.5,0.78,2,0.78,465,0.93,674.0,0.21,2,0.75,1,1.0,4.67,7.0,6.0,3.3,27.0,small,11,25,37,14.5,Excellent,15-May,>85,-,"eye, skin problems","Retinal dysplasia, seborrhea",19888,0.11,465,budget,250,800,-,-,-,9,492.0,6149,13074,1046,784,121,126,244,177,200
Papillon,toy,3.26,38,21001.0,8,0.92,13.0,0.9,5,0.44,740,0.56,324.0,0.68,2,0.75,2,0.5,4.13,8.0,22.0,3.26,38.0,small,no data,no data,24,9.5,Brightest,<5,>95,100,"cataracts, hair loss, heart, eye, blood clotting disorders","Cataracts, Follicular dysplasias, Mitral valve dysplasia, Progressive retinal atrophy, von Willebrand's disease",18157,0.37,740,mid-price,400,1000,4,4,4,5.34,278.0,3620,13597,1046,784,121,126,244,177,200
Australian Cattle Dog,herding,3.25,60,20395.0,10,0.9,11.67,0.55,1,0.89,530,0.85,466.0,0.23,2,0.75,3,0.0,3.63,9.0,52.0,3.25,60.0,medium,no data,no data,47,18.5,Brightest,<5,>95,11,hip problems,hip dysplasia,17607,0.43,530,budget,250,1000,5.75,4,7.5,7.67,400.0,4671,12206,1046,784,121,126,244,177,200
Shetland Sheepdog,herding,3.22,20,21006.0,6,0.94,12.53,0.8,5,0.44,465,0.93,405.0,0.63,1,0.5,1,1.0,4.47,11.0,8.0,3.22,20.0,small,10.15,22,37,14.5,Brightest,<5,>95,439,"eye problems, deafness, skin + heart problems, blood clotting disorders","Collie eye anomaly (CEA), deafness, Dermatomyositis and ulcerative dermatosis, Patent ductus arteriosus (PDA), von Willebrand's disease",17469,0.47,465,budget,150,1000,-,-,-,6,295.0,3698,13106,1046,784,121,126,244,177,200
Siberian Husky,working,3.22,16,22049.0,45,0.45,12.58,0.83,0,1.0,650,0.67,466.0,0.23,3,1.0,1,1.0,4.72,10.0,3.0,3.22,16.0,medium,22,47.5,55,21.75,Average,25-40,>50,129,none,none,19043,0.21,650,budget,450,1000,5.75,4,7.5,7.67,400.0,5035,13158,1046,784,121,126,244,177,200
Lhasa Apso,non-sporting,3.21,62,22031.0,68,0.15,13.92,0.97,1,0.89,350,0.98,324.0,0.68,2,0.75,1,1.0,4.58,12.0,7.0,3.21,62.0,small,7,15,27,10.5,Fair,40-80,>30,91,'dry eye',"Keratoconjunctivitis sicca (KCS) - ""dry eye""",18985,0.22,350,budget,175,550,4,4,4,5.34,278.0,3876,14560,1046,784,121,126,244,177,200
Affenpinscher,toy,3.2,139,18333.0,37,0.56,11.42,0.47,0,1.0,510,0.9,324.0,0.68,2,0.75,2,0.5,4.07,13.0,26.0,3.2,139.0,small,no data,no data,26,10.25,Above average,15-25,>70,21,none,none,15835,0.71,510,budget,200,800,4,4,4,5.34,278.0,3180,11945,1046,784,121,126,244,177,200
Dachshund,hound,3.19,9,20113.0,49,0.37,12.63,0.85,2,0.78,423,0.97,324.0,0.68,2,0.75,3,0.0,3.57,14.0,54.0,3.19,9.0,small,11,24,no data,no data,Average,25-40,>50,265,"skin, spinal problems","acanthosis nigricans, Intervertebral disk disease",17350,0.49,423,budget,125,750,4,4,4,5.34,278.0,3517,13210,1046,784,121,126,244,177,200
Miniature Schnauzer,terrier,3.19,12,20087.0,12,0.87,11.81,0.56,2,0.78,715,0.57,405.0,0.63,2,0.75,2,0.5,4.07,14.0,27.0,3.19,12.0,small,7,15.5,33,13,Excellent,15-May,>85,232,"liver, sinus problems","Portosystemic shunt, Sick sinus syndrome",16753,0.6,715,mid-price,200,1600,-,-,-,6,295.0,3486,12353,1046,784,121,126,244,177,200
Chihuahua,toy,3.15,14,26250.0,67,0.16,16.5,1.0,1,0.89,588,0.78,324.0,0.68,2,0.75,3,0.0,3.53,16.0,55.0,3.15,14.0,small,2,5.5,13,5,Fair,40-80,>30,-,knee problems,Patellar luxation,22640,0.01,588,budget,200,1500,4,4,4,5.34,278.0,4594,17258,1046,784,121,126,244,177,200
Australian Terrier,terrier,3.11,121,17892.0,34,0.64,11.05,0.4,0,1.0,640,0.7,324.0,0.68,2,0.75,2,0.5,3.99,17.0,30.0,3.11,121.0,small,no data,no data,27,10.5,Above average,15-25,>70,241,none,none,15475,0.75,640,budget,200,900,4,4,4,5.34,278.0,3077,11558,1046,784,121,126,244,177,200
Whippet,hound,3.11,57,20976.0,51,0.34,12.87,0.87,0,1.0,915,0.36,324.0,0.68,2,0.75,2,0.5,3.99,17.0,30.0,3.11,57.0,medium,no data,no data,51,20,Average,25-40,>50,500,none,none,18160,0.36,915,mid-price,650,1200,4,4,4,5.34,278.0,3584,13461,1046,784,121,126,244,177,200
English Springer Spaniel,sporting,3.09,29,21946.0,13,0.86,12.54,0.82,4,0.56,615,0.74,466.0,0.23,2,0.75,1,1.0,4.47,19.0,9.0,3.09,29.0,medium,20,45,50,19.5,Excellent,15-May,>85,194,"hip, eye, skin problems; enzyme deficiency","Hip dysplasia, Phosphofructokinase (PFK) deficiency, Retinal dysplasia, seborrhea",18950,0.24,615,budget,450,1500,5.75,4,7.5,7.67,400.0,5019,13116,1046,784,121,126,244,177,200
West Highland White Terrier,terrier,3.08,35,20490.0,47,0.41,12.8,0.86,3,0.67,538,0.84,324.0,0.68,2,0.75,1,1.0,4.45,20.0,10.0,3.08,35.0,small,no data,no data,27,10.5,Average,25-40,>50,80,"'lion jaw', 'dry eye', skin problems","Craniomandibular osteopathy (""lion jaw""), Keratoconjunctivitis sicca (KCS) - ""dry eye"", seborrhea",17690,0.4,538,budget,275,750,4,4,4,5.34,278.0,3564,13388,1046,784,121,126,244,177,200
Bedlington Terrier,terrier,3.07,134,22107.0,40,0.54,13.51,0.93,2,0.78,1058,0.22,324.0,0.68,2,0.75,2,0.5,3.95,21.0,35.0,3.07,134.0,small,9,20,no data,no data,Average,25-40,>50,54,"liver, eye problems","Chronic hepatitis, Retinal dysplasia",19151,0.17,1058,mid-price,250,1800,4,4,4,5.34,278.0,3762,14131,1046,784,121,126,244,177,200
Poodle,non-sporting,3.04,8,21237.0,2,0.99,11.95,0.6,2,0.78,900,0.38,466.0,0.23,2,0.75,2,0.5,3.92,22.0,39.0,3.04,8.0,medium,no data,no data,41,16,Brightest,<5,>95,1178,"fatal stomach bloat, skin disorder","Gastric dilatation-volvulus (serious stomach disorder), sebaceous adenitis (skin disorder)",18382,0.31,900,mid-price,500,1500,5.75,4,7.5,7.67,400.0,4783,12499,1046,784,121,126,244,177,200
Bichon Frise,non-sporting,3.03,39,19735.0,45,0.45,12.21,0.68,0,1.0,693,0.62,324.0,0.68,1,0.5,1,1.0,4.28,25.0,16.0,3.03,39.0,small,no data,no data,27,10.5,Average,25-40,>50,146,none,none,17063,0.53,693,budget,250,1500,4,4,4,5.34,278.0,3400,12771,1046,784,121,126,244,177,200
German Shorthaired Pointer,sporting,3.03,15,25842.0,17,0.84,11.46,0.49,1,0.89,545,0.83,971.0,0.05,2,0.75,1,1.0,4.41,23.0,12.0,3.03,15.0,large,28,62.5,61,24,Excellent,15-May,>85,203,hip problems,hip dysplasia,20849,0.09,545,budget,200,850,-,-,-,14,708.0,8117,11987,1046,784,121,126,244,177,200
Pointer,sporting,3.03,115,24445.0,43,0.49,12.42,0.75,1,0.89,294,0.99,710.0,0.06,2,0.75,1,1.0,4.4,24.0,13.0,3.03,115.0,large,27,59.5,65,25.5,Average,25-40,>50,145,hip problems,hip dysplasia,21049,0.08,294,budget,50,500,8.75,7.5,10,11.67,609.0,7565,12991,1046,784,121,126,244,177,200
Tibetan Spaniel,non-sporting,3.02,114,25549.0,46,0.43,14.42,0.99,0,1.0,1050,0.24,466.0,0.23,2,0.75,1,1.0,4.4,26.0,14.0,3.02,114.0,small,5,12,25,10,Average,25-40,>50,125,none,none,22104,0.02,1050,mid-price,500,2000,5.75,4,7.5,7.67,400.0,5772,15083,1046,784,121,126,244,177,200
Labrador Retriever,sporting,2.97,1,21299.0,7,0.93,12.04,0.63,3,0.67,810,0.51,466.0,0.23,2,0.75,1,1.0,4.35,27.0,15.0,2.97,1.0,medium,31,67.5,58,23,Brightest,<5,>95,1101,"elbows, hips, eyes","elbow dysplasia, hip dysplasia, retinal dysplasia",18422,0.3,810,mid-price,299,1500,5.75,4,7.5,7.67,400.0,4819,12593,1046,784,121,126,244,177,200
Maltese,toy,2.93,23,19084.0,59,0.25,12.25,0.69,1,0.89,650,0.69,270.0,1.0,1,0.5,3,0.0,3.18,29.0,65.0,2.93,23.0,small,2,5,23,9,Fair,40-80,>30,42,heart problems,Patent ductus arteriosus (PDA),16073,0.67,650,budget,300,1000,-,-,-,4,197.0,2410,12813,1046,784,121,126,244,177,200
Pomeranian,toy,2.93,17,15792.0,23,0.77,9.67,0.23,1,0.89,670,0.66,324.0,0.68,2,0.75,2,0.5,3.81,28.0,45.0,2.93,17.0,small,2,5,no data,no data,Excellent,15-May,>85,29,heart problems,Patent ductus arteriosus (PDA),13677,0.93,670,budget,200,1500,4,4,4,5.34,278.0,2693,10114,1046,784,121,126,244,177,200
Shih Tzu,toy,2.93,11,21152.0,70,0.13,13.2,0.92,1,0.89,583,0.8,324.0,0.68,1,0.5,1,1.0,4.18,29.0,19.0,2.93,11.0,small,6,12.5,25,9.75,Lowest,80-100,<25,97,eye problems,"Exposure keratopathy syndrome (exophthalmos, lagophthalmos, and/or macroblepharon)",18264,0.32,583,budget,275,1200,4,4,4,5.34,278.0,3675,13806,1046,784,121,126,244,177,200
Australian Shepherd,herding,2.91,24,21458.0,42,0.52,12.28,0.71,2,0.78,565,0.82,466.0,0.23,2,0.75,2,0.5,3.78,31.0,46.0,2.91,24.0,medium,no data,no data,52,20.5,Average,25-40,>50,641,"deafness, hip problems","deafness, hip dysplasia",18524,0.29,565,budget,250,1000,5.75,4,7.5,7.67,400.0,4915,12844,1046,784,121,126,244,177,200
Yorkshire Terrier,toy,2.85,5,20701.0,27,0.75,12.6,0.84,4,0.56,1057,0.23,324.0,0.68,1,0.5,3,0.0,3.1,32.0,69.0,2.85,5.0,small,2,5.5,no data,no data,Above average,15-25,>70,63,"knee, liver, trachea, eye disorders","Patellar luxation, Portosystemic shunt, tracheal collapse, Retinal dysplasia",17944,0.38,1057,mid-price,275,2800,4,4,4,5.34,278.0,3508,13179,1046,784,121,126,244,177,200
Irish Setter,sporting,2.84,70,20323.0,35,0.61,11.63,0.53,2,0.78,525,0.86,466.0,0.23,2,0.75,1,1.0,4.21,33.0,17.0,2.84,70.0,large,29,65,66,26,Above average,15-25,>70,922,"hip, eye problems","Hip dysplasia, Progressive retinal atrophy",17544,0.45,525,budget,300,1000,5.75,4,7.5,7.67,400.0,4655,12164,1046,784,121,126,244,177,200
Pharaoh Hound,hound,2.81,151,21047.0,37,0.56,11.83,0.57,0,1.0,913,0.37,466.0,0.23,2,0.75,2,0.5,3.69,34.0,47.0,2.81,151.0,medium,no data,no data,58,23,Above average,15-25,>70,15,none,none,18221,0.33,913,mid-price,475,1000,5.75,4,7.5,7.67,400.0,4735,12374,1046,784,121,126,244,177,200
Brussels Griffon,toy,2.8,77,19551.0,59,0.25,12.0,0.61,0,1.0,833,0.45,324.0,0.68,2,0.75,3,0.0,3.18,36.0,66.0,2.8,77.0,small,4,9,no data,no data,Fair,40-80,>30,71,none,none,16925,0.56,833,mid-price,500,1500,4,4,4,5.34,278.0,3341,12551,1046,784,121,126,244,177,200
Golden Retriever,sporting,2.8,4,21447.0,4,0.97,12.04,0.63,4,0.56,958,0.31,466.0,0.23,2,0.75,1,1.0,4.17,37.0,20.0,2.8,4.0,medium,27,60,58,22.75,Brightest,<5,>95,1314,"elbows, hips, eyes, heart ","elbow dysplasia, hip dysplasia, retinal dysplasia, subaortic stenosis",18571,0.28,958,mid-price,325,2500,5.75,4,7.5,7.67,400.0,4819,12593,1046,784,121,126,244,177,200
Samoyed,working,2.8,69,25352.0,33,0.68,12.44,0.76,1,0.89,1162,0.15,710.0,0.06,2,0.75,1,1.0,4.18,35.0,18.0,2.8,69.0,medium,no data,no data,54,21.25,Above average,15-25,>70,232,hip problems,hip dysplasia,21951,0.03,1162,mid-price,795,1400,8.75,7.5,10,11.67,609.0,7577,13012,1046,784,121,126,244,177,200
Beagle,hound,2.79,3,19468.0,73,0.09,12.3,0.72,1,0.89,288,1.0,324.0,0.68,1,0.5,1,1.0,4.04,38.0,28.0,2.79,3.0,small,no data,no data,36,14,Lowest,80-100,<25,303,heart problems,Pulmonic stenosis,16777,0.59,288,budget,100,600,4,4,4,5.34,278.0,3425,12865,1046,784,121,126,244,177,200
Chesapeake Bay Retriever,sporting,2.78,46,16697.0,27,0.75,9.48,0.22,1,0.89,522,0.87,466.0,0.23,2,0.75,1,1.0,4.16,39.0,21.0,2.78,46.0,large,31,67.5,60,23.5,Above average,15-25,>70,776,hip problems,hip dysplasia,14432,0.84,522,budget,175,795,5.75,4,7.5,7.67,400.0,3794,9916,1046,784,121,126,244,177,200
Tibetan Terrier,non-sporting,2.75,86,20336.0,62,0.22,12.31,0.74,0,1.0,1140,0.17,324.0,0.68,2,0.75,2,0.5,3.63,40.0,51.0,2.75,86.0,small,11,24,39,15.5,Fair,40-80,>30,102,none,none,17643,0.41,1140,mid-price,450,1600,4,4,4,5.34,278.0,3428,12876,1046,784,121,126,244,177,200
Gordon Setter,sporting,2.73,94,19605.0,34,0.64,11.1,0.41,1,0.89,700,0.59,466.0,0.23,2,0.75,1,1.0,4.1,41.0,23.0,2.73,94.0,large,28,62.5,64,25,Above average,15-25,>70,169,hip problems,hip dysplasia,16953,0.55,700,mid-price,500,100,5.75,4,7.5,7.67,400.0,4443,11610,1046,784,121,126,244,177,200
English Setter,sporting,2.72,87,20312.0,37,0.56,11.57,0.52,2,0.78,615,0.74,466.0,0.23,2,0.75,1,1.0,4.09,43.0,25.0,2.72,87.0,large,no data,no data,62,24.5,Above average,15-25,>70,402,"deafness, hip problems","deafness, hip dysplasia",17548,0.44,615,budget,250,1000,5.75,4,7.5,7.67,400.0,4631,12102,1046,784,121,126,244,177,200
Pug,toy,2.72,26,18527.0,57,0.29,11.0,0.39,1,0.89,469,0.92,405.0,0.63,2,0.75,1,1.0,4.09,42.0,24.0,2.72,26.0,medium,7,16,41,16,Fair,40-80,>30,163,'dry eye',"Keratoconjunctivitis sicca (KCS) - ""dry eye""",15421,0.76,469,budget,250,699,-,-,-,6,295.0,3246,11505,1046,784,121,126,244,177,200
Briard,herding,2.71,125,19673.0,30,0.7,11.17,0.43,1,0.89,650,0.67,466.0,0.23,1,0.5,1,1.0,3.96,44.0,33.0,2.71,125.0,large,no data,no data,62,24.5,Above average,15-25,>70,71,hip problems,hip dysplasia,17004,0.54,650,budget,500,800,5.75,4,7.5,7.67,400.0,4471,11683,1046,784,121,126,244,177,200
Norfolk Terrier,terrier,2.71,120,24308.0,56,0.3,13.07,0.91,0,1.0,2083,0.02,466.0,0.23,2,0.75,2,0.5,3.58,45.0,53.0,2.71,120.0,small,5,12,24,9.5,Fair,40-80,>30,324,none,none,21185,0.07,2083,high-end,250,2500,5.75,4,7.5,7.67,400.0,5231,13671,1046,784,121,126,244,177,200
Flat-Coated Retriever,sporting,2.7,90,16000.0,18,0.82,9.02,0.14,0,1.0,600,0.77,466.0,0.23,1,0.5,1,1.0,3.95,46.0,34.0,2.7,90.0,medium,no data,no data,59,23.25,Excellent,15-May,>85,1198,none,none,13845,0.9,600,budget,300,1200,5.75,4,7.5,7.67,400.0,3610,9434,1046,784,121,126,244,177,200
Boston Terrier,non-sporting,2.61,22,17741.0,54,0.31,10.92,0.38,1,0.89,690,0.63,324.0,0.68,2,0.75,1,1.0,3.98,47.0,32.0,2.61,22.0,medium,NA (3 classes),NA (3 classes),no data,no data,Average,25-40,>50,42,breathing problems,brachycephalic syndrome,15352,0.77,690,budget,400,1050,4,4,4,5.34,278.0,3041,11422,1046,784,121,126,244,177,200
Doberman Pinscher,working,2.59,13,18397.0,5,0.95,10.33,0.32,4,0.56,790,0.54,466.0,0.23,2,0.75,2,0.5,3.47,49.0,57.0,2.59,13.0,large,no data,no data,66,26,Brightest,<5,>95,201,"heart, spine, blood clotting disorders","Dilated cardiomyopathy, Cervical vertebral instability (Wobbler syndrome), Intervertebral disk disease, von Willebrand's disease",15929,0.7,790,mid-price,300,1200,5.75,4,7.5,7.67,400.0,4135,10805,1046,784,121,126,244,177,200
English Toy Spaniel,toy,2.59,129,17521.0,45,0.45,10.1,0.29,0,1.0,925,0.33,405.0,0.63,2,0.75,2,0.5,3.47,48.0,56.0,2.59,129.0,small,5,11,25,10,Average,25-40,>50,22,none,none,14670,0.83,925,mid-price,150,1500,-,-,-,6,295.0,2981,10564,1046,784,121,126,244,177,200
Belgian Tervuren,herding,2.57,108,19132.0,14,0.85,10.6,0.34,2,0.78,1070,0.21,466.0,0.23,2,0.75,1,1.0,3.94,52.0,38.0,2.57,108.0,large,no data,no data,61,24,Excellent,15-May,>85,105,"epilepsy, eye problems","Idiopathic epilepsy, Pannus - chronic superficial keratitis",16600,0.61,1070,mid-price,850,1200,5.75,4,7.5,7.67,400.0,4243,11087,1046,784,121,126,244,177,200
Cavalier King Charles Spaniel,toy,2.57,21,18639.0,44,0.48,11.29,0.46,2,0.78,1017,0.28,324.0,0.68,2,0.75,1,1.0,3.95,50.0,35.0,2.57,21.0,small,7,15.5,32,12.5,Average,25-40,>50,829,"heart, spinal problems","Mitral valve dysplasia, Chiari-like malformation (CM) and syringomyelia (SM)",16169,0.66,1017,mid-price,100,1800,4,4,4,5.34,278.0,3144,11809,1046,784,121,126,244,177,200
Dalmatian,non-sporting,2.57,73,19886.0,39,0.55,11.27,0.45,2,0.78,695,0.61,466.0,0.23,2,0.75,1,1.0,3.95,50.0,35.0,2.57,73.0,medium,no data,no data,53,21,Above average,15-25,>70,404,"deafness, urinary stones","Deafness, Urolithiasis (stones)",17194,0.52,695,budget,350,1000,5.75,4,7.5,7.67,400.0,4511,11788,1046,784,121,126,244,177,200
Basset Hound,hound,2.54,41,18328.0,71,0.11,11.43,0.48,2,0.78,490,0.91,324.0,0.68,2,0.75,1,1.0,3.92,53.0,39.0,2.54,41.0,small,no data,no data,36,14,Lowest,80-100,<25,152,"blood, skin disorders","Platelet dysfunction (thrombocytopathia, Basset hound thrombopathia), seborrhea",15827,0.72,490,budget,150,1000,4,4,4,5.34,278.0,3183,11955,1046,784,121,126,244,177,200
Basenji,hound,2.51,93,22096.0,79,0.02,13.58,0.94,3,0.67,940,0.32,324.0,0.68,2,0.75,2,0.5,3.38,54.0,59.0,2.51,93.0,medium,10,23,42,16.5,Lowest,80-100,<25,46,"kidney, eye problems, anaemia","Fanconi syndrome, Persistent pupillary membranes (PPM), Pyruvate kinase (PK) deficiency",19125,0.18,940,mid-price,600,1200,4,4,4,5.34,278.0,3781,14204,1046,784,121,126,244,177,200
Italian Greyhound,toy,2.49,65,16463.0,60,0.24,10.02,0.28,0,1.0,800,0.52,324.0,0.68,2,0.75,3,0.0,2.86,55.0,77.0,2.49,65.0,small,no data,no data,36,14,Fair,40-80,>30,203,none,none,14270,0.86,800,mid-price,500,120,4,4,4,5.34,278.0,2790,10480,1046,784,121,126,244,177,200
Staffordshire Bull Terrier,terrier,2.48,76,21650.0,49,0.37,12.05,0.66,1,0.89,1145,0.16,466.0,0.23,2,0.75,1,1.0,3.86,56.0,41.0,2.48,76.0,medium,14,31,38,15,Average,25-40,>50,157,hip problems,hip dysplasia,18772,0.25,1145,mid-price,500,1500,5.75,4,7.5,7.67,400.0,4823,12604,1046,784,121,126,244,177,200
Bouvier des Flandres,herding,2.47,83,18959.0,29,0.72,10.34,0.33,1,0.89,1335,0.06,466.0,0.23,2,0.75,1,1.0,3.84,57.0,42.0,2.47,83.0,large,no data,no data,65,25.5,Above average,15-25,>70,1079,hip problems,hip dysplasia,16489,0.62,1335,mid-price,800,2500,5.75,4,7.5,7.67,400.0,4139,10815,1046,784,121,126,244,177,200
Pembroke Welsh Corgi,herding,2.45,25,23978.0,11,0.89,12.25,0.69,9,0.0,587,0.79,674.0,0.21,2,0.75,1,1.0,3.82,58.0,43.0,2.45,25.0,small,12,26,28,11,Excellent,15-May,>85,116,"cataracts + other eye problems, connective tissue, nerves, kidneys, spine, blood clotting disorders","Cataracts, Corneal dystrophy, Cutaneous asthenia (Ehlers-Danlos syndrome), Degenerative myelopathy, Familial kidney disease, Intervertebral disk disease, Persistent pupillary membranes (PPM), Retinal dysplasia, von Willebrand's disease",19625,0.13,587,budget,375,750,-,-,-,9,492.0,6026,12813,1046,784,121,126,244,177,200
Clumber Spaniel,sporting,2.44,133,18084.0,37,0.56,10.0,0.25,0,1.0,1033,0.26,466.0,0.23,2,0.75,1,1.0,3.81,59.0,44.0,2.44,133.0,medium,32,70,47,18.5,Above average,15-25,>70,301,none,none,15695,0.74,1033,mid-price,800,1500,5.75,4,7.5,7.67,400.0,4003,10459,1046,784,121,126,244,177,200
Dandie Dinmont Terrier,terrier,2.42,160,21633.0,62,0.22,12.17,0.67,0,1.0,925,0.33,466.0,0.23,1,0.5,1,1.0,3.67,60.0,49.0,2.42,160.0,small,10,21,23,9,Fair,40-80,>30,62,none,none,18725,0.26,925,mid-price,850,1000,5.75,4,7.5,7.67,400.0,4871,12729,1046,784,121,126,244,177,200
Saluki,hound,2.41,117,24866.0,43,0.49,12.0,0.61,0,1.0,1525,0.05,710.0,0.06,1,0.5,1,1.0,3.66,61.0,50.0,2.41,117.0,medium,no data,no data,58,23,Average,25-40,>50,132,none,none,21585,0.05,1525,high-end,1000,1800,8.75,7.5,10,11.67,609.0,7309,12551,1046,784,121,126,244,177,200
Giant Schnauzer,working,2.38,95,26686.0,28,0.74,10.0,0.25,1,0.89,810,0.49,1349.0,0.01,1,0.5,2,0.5,3.13,62.0,67.0,2.38,95.0,large,35,77.5,65,25.5,Above average,15-25,>70,39,hip problems,hip dysplasia,21307,0.06,810,mid-price,400,1500,-,-,-,19,984.0,9838,10459,1046,784,121,126,244,177,200
Greyhound,hound,2.29,140,15819.0,46,0.43,9.36,0.2,1,0.89,1175,0.14,324.0,0.68,2,0.75,1,1.0,3.67,63.0,48.0,2.29,140.0,large,29,65,no data,no data,Average,25-40,>50,74,blood vessel disorders,familial vasculopathy,13771,0.91,1175,mid-price,200,2500,4,4,4,5.34,278.0,2606,9790,1046,784,121,126,244,177,200
Scottish Terrier,terrier,2.27,54,17525.0,65,0.18,10.69,0.37,1,0.89,829,0.47,324.0,0.68,1,0.5,2,0.5,3.02,64.0,71.0,2.27,54.0,small,9,20,25,10,Fair,40-80,>30,342,blood clotting disorder,von Willebrand's disease,15187,0.78,829,mid-price,400,2200,4,4,4,5.34,278.0,2977,11181,1046,784,121,126,244,177,200
Rottweiler,working,2.24,10,18886.0,9,0.91,9.11,0.17,3,0.67,1118,0.18,710.0,0.06,2,0.75,2,0.5,3.12,65.0,68.0,2.24,10.0,large,no data,no data,62,24.5,Brightest,<5,>95,654,"heart, elbow, hip problems","Subaortic stenosis, Elbow dysplasia - OCD of the elbow, Hip dysplasia",16395,0.64,1118,mid-price,300,1800,8.75,7.5,10,11.67,609.0,5549,9529,1046,784,121,126,244,177,200
Kerry Blue Terrier,terrier,2.13,124,17240.0,35,0.61,9.4,0.21,1,0.89,1200,0.11,466.0,0.23,1,0.5,2,0.5,2.88,66.0,76.0,2.13,124.0,medium,17,36.5,47,18.5,Above average,15-25,>70,353,heart problems,Patent ductus arteriosus (PDA),14994,0.82,1200,mid-price,900,1500,5.75,4,7.5,7.67,400.0,3762,9832,1046,784,121,126,244,177,200
Afghan Hound,hound,2.08,88,24077.0,80,0.01,11.92,0.59,0,1.0,890,0.4,710.0,0.06,1,0.5,1,1.0,3.33,67.0,60.0,2.08,88.0,large,25,55,66,26,Lowest,80-100,<25,154,none,none,20818,0.1,890,mid-price,450,1000,8.75,7.5,10,11.67,609.0,7260,12468,1046,784,121,126,244,177,200
Newfoundland,working,2.07,43,19351.0,34,0.64,9.32,0.18,2,0.78,1178,0.13,710.0,0.06,2,0.75,1,1.0,3.45,68.0,58.0,2.07,43.0,large,57,125,69,27,Above average,15-25,>70,340,"hip problems, heart defects","subaortic stenosis, hip dysplasia",16802,0.57,1178,mid-price,500,2000,8.75,7.5,10,11.67,609.0,5677,9748,1046,784,121,126,244,177,200
German Shepherd,herding,2.06,2,17416.0,3,0.98,9.73,0.24,8,0.11,820,0.48,466.0,0.23,2,0.75,2,0.5,2.94,69.0,74.0,2.06,2.0,large,no data,no data,61,24,Brightest,<5,>95,795,"nerves, pancreas, blood (hemophilia), hip joints","Degenerative myelopathy (nerve disorder), Exocrine pancreatic insufficiency, Hemophilia, Hip dysplasia, Renal cystadenocarcinoma and nodular dermatofibrosis, Pannus - chronic superficial keratitis, Panosteitis, Perianal fistula

",15091,0.8,820,mid-price,400,1495,5.75,4,7.5,7.67,400.0,3895,10177,1046,784,121,126,244,177,200
Pekingese,toy,2.05,64,20565.0,74,0.08,11.56,0.51,1,0.89,885,0.41,466.0,0.23,1,0.5,2,0.5,2.8,70.0,78.0,2.05,64.0,small,6,13,no data,no data,Lowest,80-100,<25,94,knee problems,Patellar luxation,17803,0.39,885,mid-price,200,3800,5.75,4,7.5,7.67,400.0,4627,12091,1046,784,121,126,244,177,200
Old English Sheepdog,herding,2.04,84,22611.0,63,0.21,11.19,0.44,1,0.89,832,0.46,710.0,0.06,1,0.5,1,1.0,3.29,71.0,61.0,2.04,84.0,medium,no data,no data,56,22,Fair,40-80,>30,111,hip problems,hip dysplasia,19551,0.15,832,mid-price,500,1000,8.75,7.5,10,11.67,609.0,6816,11704,1046,784,121,126,244,177,200
Akita,working,1.95,47,20994.0,54,0.31,10.16,0.3,1,0.89,1202,0.1,710.0,0.06,2,0.75,3,0.0,2.33,72.0,86.0,1.95,47.0,large,no data,no data,66,26,Average,25-40,>50,192,hip problems,hip dysplasia,18217,0.34,1202,mid-price,565,1800,8.75,7.5,10,11.67,609.0,6188,10627,1046,784,121,126,244,177,200
Rhodesian Ridgeback,hound,1.91,44,16530.0,52,0.33,9.1,0.16,2,0.78,995,0.29,466.0,0.23,2,0.75,2,0.5,2.78,73.0,79.0,1.91,44.0,large,35,77.5,65,25.5,Average,25-40,>50,10,"birth defects, hip problems","dermoid sinus, Hip dysplasia",14355,0.85,995,mid-price,750,1300,5.75,4,7.5,7.67,400.0,3642,9518,1046,784,121,126,244,177,200
French Bulldog,non-sporting,1.9,18,17266.0,58,0.28,9.0,0.11,0,1.0,1900,0.03,466.0,0.23,2,0.75,1,1.0,3.27,74.0,62.0,1.9,18.0,medium,12,27,no data,no data,Fair,40-80,>30,71,none,none,15116,0.79,1900,high-end,1300,3500,5.75,4,7.5,7.67,400.0,3602,9414,1046,784,121,126,244,177,200
Borzoi,hound,1.89,102,16176.0,76,0.06,9.08,0.15,0,1.0,675,0.64,466.0,0.23,1,0.5,2,0.5,2.64,75.0,82.0,1.89,102.0,large,37,82.5,71,28,Lowest,80-100,<25,87,none,none,14007,0.89,675,budget,300,1250,5.75,4,7.5,7.67,400.0,3634,9497,1046,784,121,126,244,177,200
Bernese Mountain Dog,working,1.85,34,16099.0,22,0.78,7.56,0.07,4,0.56,1320,0.08,710.0,0.06,2,0.75,1,1.0,3.23,76.0,63.0,1.85,34.0,large,no data,no data,64,25.25,Excellent,15-May,>85,701,"meningitis, elbow + hip problems, complex immune disorder","Meningitis, Elbow dysplasia - OCD of the elbow, Hip dysplasia, Histiocytosis",14032,0.87,1320,mid-price,750,2500,8.75,7.5,10,11.67,609.0,4605,7907,1046,784,121,126,244,177,200
Bull Terrier,terrier,1.85,51,18490.0,66,0.17,10.21,0.31,2,0.78,1085,0.2,466.0,0.23,2,0.75,2,0.5,2.72,77.0,80.0,1.85,51.0,medium,27,60,55,21.5,Fair,40-80,>30,225,"heart problems, zinc metabolism disorder","lethal acrodermatitis, Mitral valve dysplasia",16051,0.68,1085,mid-price,300,1750,5.75,4,7.5,7.67,400.0,4087,10679,1046,784,121,126,244,177,200
Boxer,working,1.83,7,15746.0,48,0.39,8.81,0.1,4,0.56,700,0.59,466.0,0.23,2,0.75,1,1.0,3.21,78.0,64.0,1.83,7.0,medium,no data,no data,59,23.25,Average,25-40,>50,2112,"eye, nerve, heart problems","Corneal dystrophy, Degenerative myelopathy, Dilated cardiomyopathy, Subaortic stenosis",13641,0.94,700,mid-price,300,2500,5.75,4,7.5,7.67,400.0,3526,9215,1046,784,121,126,244,177,200
Alaskan Malamute,working,1.82,58,21986.0,50,0.36,10.67,0.36,2,0.78,1210,0.09,710.0,0.06,1,0.5,2,0.5,2.57,79.0,83.0,1.82,58.0,large,36,80,61,24,Average,25-40,>50,14,"hip problems, dwarfism","Hip dysplasia, Osteochondrodysplasia - skeletal dwarfism",19069,0.2,1210,mid-price,550,2350,8.75,7.5,10,11.67,609.0,6499,11160,1046,784,121,126,244,177,200
Chow Chow,non-sporting,1.76,68,15898.0,77,0.05,9.01,0.13,2,0.78,515,0.89,466.0,0.23,1,0.5,2,0.5,2.51,80.0,85.0,1.76,68.0,medium,no data,no data,47,18.5,Lowest,80-100,<25,38,"eye, hip problems","Entropion, Hip dysplasia",13745,0.92,515,budget,200,750,5.75,4,7.5,7.67,400.0,3606,9424,1046,784,121,126,244,177,200
Bloodhound,hound,1.66,48,13824.0,75,0.07,6.75,0.03,2,0.78,608,0.76,710.0,0.06,2,0.75,2,0.5,2.54,81.0,84.0,1.66,48.0,large,39,85,64,25,Lowest,80-100,<25,82,"fatal stomach bloat, skin problems","Gastric dilatation-volvulus, Hip dysplasia",11979,0.98,608,budget,200,1000,8.75,7.5,10,11.67,609.0,4111,7060,1046,784,121,126,244,177,200
Irish Wolfhound,hound,1.66,79,18435.0,41,0.53,6.94,0.05,3,0.67,1333,0.07,1217.0,0.02,2,0.75,1,1.0,3.04,82.0,70.0,1.66,79.0,large,no data,no data,81,32,Average,25-40,>50,121,"heart, liver, hip problems","Dilated cardiomyopathy, Hip dysplasia, Portosystemic shunt",16039,0.69,1333,mid-price,800,1550,15,15,15,20.01,1044.0,7246,7259,1046,784,121,126,244,177,200
Bullmastiff,working,1.64,40,13936.0,69,0.14,7.57,0.08,2,0.78,980,0.3,466.0,0.23,2,0.75,1,1.0,3.01,83.0,72.0,1.64,40.0,large,52,115,65,25.5,Fair,40-80,>30,103,"eye, hip problems","Entropion, Hip dysplasia",12128,0.97,980,mid-price,600,1600,5.75,4,7.5,7.67,400.0,3030,7918,1046,784,121,126,244,177,200
Mastiff,working,1.57,28,13581.0,72,0.1,6.5,0.02,2,0.78,900,0.38,701.0,0.2,2,0.75,1,1.0,2.94,84.0,73.0,1.57,28.0,large,79,175,76,30,Lowest,80-100,<25,94,"hip, heart problems","Hip dysplasia, Pulmonic stenosis",11224,1.0,900,mid-price,150,1200,-,-,-,10,512.0,3325,6799,1046,784,121,126,244,177,200
Great Dane,working,1.53,19,14662.0,48,0.39,6.96,0.06,4,0.56,1040,0.25,710.0,0.06,2,0.75,1,1.0,2.91,85.0,75.0,1.53,19.0,large,no data,no data,76,30,Average,25-40,>50,667,"heart, spinal, hip problems, fatal stomach bloat","Dilated cardiomyopathy, Cervical vertebral instability (Wobbler syndrome), Gastric dilatation-volvulus, Hip dysplasia",12759,0.95,1040,mid-price,500,2500,8.75,7.5,10,11.67,609.0,4239,7280,1046,784,121,126,244,177,200
Saint Bernard,working,1.42,49,20022.0,65,0.18,7.78,0.09,3,0.67,875,0.43,1217.0,0.02,1,0.5,1,1.0,2.67,86.0,81.0,1.42,49.0,large,70,155,67,26.5,Fair,40-80,>30,93,"heart, hip disorders, fatal stomach bloat","Dilated cardiomyopathy, Gastric dilatation-volvulus, Hip dysplasia",17336,0.51,875,mid-price,450,1500,15,15,15,20.01,1044.0,8124,8137,1046,784,121,126,244,177,200
Bulldog,non-sporting,0.99,6,13479.0,78,0.03,6.29,0.01,5,0.44,2680,0.01,466.0,0.23,2,0.75,2,0.5,1.86,87.0,87.0,0.99,6.0,medium,20,45,no data,no data,Lowest,80-100,<25,197,"breathing, hip, heart problems, 'dry eye'","brachycephalic syndrome, Hip dysplasia, Keratoconjunctivitis sicca (KCS) - ""dry eye"", Pulmonic stenosis, Ventricular septal defect (VSD)",11977,0.99,2680,high-end,1500,5500,5.75,4,7.5,7.67,400.0,2518,6579,1046,784,121,126,244,177,200
Airedale Terrier,terrier,,55,14000.0,29,,11.45,,1,,733,,,,-,,-,,,,,,,medium,27.22,60,58,23,Above average,15-25,>70,307,hip problems,hip dysplasia,no data,,733,mid-price,475,1200,no data,no data,no data,no data,,no data,11976,1046,784,121,126,244,177,200
American English Coonhound,hound,,33,20054.5,no data,,11.5,,no data,,283,,,,-,,-,,,,,,,large,no data,no data,62,24.5,no data,no data,no data,-,no data,no data,no data,,283,budget,100,350,no data,no data,no data,no data,,no data,no data,1046,784,121,126,244,177,200
American Eskimo Dog,non-sporting,,116,20054.5,no data,,11.84,,0,,560,,,,-,,-,,,,,,,small,no data,no data,36,14,no data,no data,no data,-,none,none,no data,,560,budget,300,950,no data,no data,no data,no data,,no data,no data,1046,784,121,126,244,177,200
American Foxhound,hound,,173,20054.5,46,,11.13,,no data,,757,,,,-,,-,,,,,,,medium,no data,no data,58,23,Average,25-40,>50,-,no data,no data,no data,,757,mid-price,250,1000,no data,no data,no data,no data,,no data,no data,1046,784,121,126,244,177,200
American Staffordshire Terrier,terrier,,72,20054.5,34,,11.13,,1,,1043,,,,-,,-,,,,,,,medium,no data,no data,46,18,Above average,15-25,>70,-,skin problems,Demodicosis/ Demodectic mange,no data,,1043,mid-price,250,1500,no data,no data,no data,no data,,no data,no data,1046,784,121,126,244,177,200
American Water Spaniel,sporting,,157,20054.5,44,,11.13,,0,,730,,,,-,,-,,,,,,,medium,16,35,42,16.5,Average,25-40,>50,-,none,none,no data,,730,mid-price,600,1250,no data,no data,no data,no data,,no data,no data,1046,784,121,126,244,177,200
Anatolian Shepherd Dog,working,,111,20054.5,no data,,10.75,,no data,,no data,,,,2,,2,,,,,,,large,52,115,71,28,no data,no data,no data,23,no data,no data,no data,,no data,no data,no data,no data,8.75,7.5,10,11.67,,6548,11244,1046,784,121,126,244,177,200
Bearded Collie,herding,,112,20054.5,34,,12.77,,0,,no data,,,,1,,1,,,,,,,medium,no data,no data,53,21,Above average,15-25,>70,551,none,none,no data,,no data,no data,no data,no data,5.75,4,7.5,7.67,,5111,13357,1046,784,121,126,244,177,200
Beauceron,herding,,144,20054.5,no data,,9.73,,no data,,967,,,,-,,-,,,,,,,large,no data,no data,65,25.75,no data,no data,no data,-,no data,no data,no data,,967,mid-price,950,"1,000",no data,no data,no data,no data,,no data,no data,1046,784,121,126,244,177,200
Belgian Malinois,herding,,74,20054.5,22,,9.73,,0,,1080,,,,2,,1,,,,,,,large,no data,no data,61,24,Excellent,15-May,>85,-,none,none,no data,,1080,mid-price,550,2000,5.75,4,7.5,7.67,,no data,no data,1046,784,121,126,244,177,200
Belgian Sheepdog,herding,,118,20054.5,15,,9.73,,4,,no data,,,,-,,-,,,,,,,large,no data,no data,61,24,Excellent,15-May,>85,-,"cataracts + other eye problems, muscular dystrophy","Cataracts, Pannus - chronic superficial keratitis, Progressive retinal atrophy, X-linked muscular dystrophy",no data,,no data,no data,no data,no data,no data,no data,no data,no data,,no data,no data,1046,784,121,126,244,177,200
Black and Tan Coonhound,hound,,109,20054.5,44,,9.73,,0,,325,,,,-,,-,,,,,,,large,no data,no data,64,25,Average,25-40,>50,-,none,none,no data,,325,budget,200,500,no data,no data,no data,no data,,no data,no data,1046,784,121,126,244,177,200
Black Russian Terrier,working,,128,20054.5,no data,,11.0,,0,,2833,,,,-,,-,,,,,,,large,no data,no data,71,28,no data,no data,no data,4,none,none,no data,,2833,high-end,2500,3000,no data,no data,no data,no data,,no data,no data,1046,784,121,126,244,177,200
Bluetick Coonhound,hound,,136,20054.5,no data,,9.73,,0,,370,,,,-,,-,,,,,,,large,28,62.5,61,24,no data,no data,no data,-,none,none,no data,,370,budget,200,500,no data,no data,no data,no data,,no data,no data,1046,784,121,126,244,177,200
Boykin Spaniel,sporting,,138,20054.5,no data,,11.13,,no data,,531,,,,-,,-,,,,,,,medium,no data,no data,41,16,no data,no data,no data,-,no data,no data,no data,,531,budget,200,800,no data,no data,no data,no data,,no data,no data,1046,784,121,126,244,177,200
Canaan Dog,herding,,168,20054.5,no data,,14.67,,0,,no data,,,,2,,1,,,,,,,medium,20,45,55,21.5,no data,no data,no data,2,none,none,no data,,no data,no data,no data,no data,5.75,4,7.5,7.67,,5872,15344,1046,784,121,126,244,177,200
Cane Corso,working,,67,20000.0,no data,,11.0,,no data,,1070,,,,-,,-,,,,,,,large,no data,no data,64,25,no data,no data,no data,-,no data,no data,no data,,1070,mid-price,900,1500,no data,no data,no data,no data,,no data,no data,1046,784,121,126,244,177,200
Cardigan Welsh Corgi,herding,,81,59792.0,26,,12.7,,0,,828,,,,-,,-,,,,,,,small,14,31.5,29,11.5,Excellent,15-May,>85,53,none,none,no data,,828,mid-price,395,1085,no data,no data,no data,no data,,no data,13284,1046,784,121,126,244,177,200
Cesky Terrier,terrier,,106,20054.5,no data,,8.42,,no data,,no data,,,,2,,1,,,,,,,small,9,19,29,11.5,no data,no data,no data,9,no data,no data,no data,,no data,no data,no data,no data,5.75,4,7.5,7.67,,3370,8807,1046,784,121,126,244,177,200
Chinese Crested,toy,,61,20054.5,61,,10.08,,no data,,538,,,,-,,-,,,,,,,small,no data,no data,30,12,Fair,40-80,>30,829,no data,no data,no data,,538,budget,125,1300,no data,no data,no data,no data,,no data,10543,1046,784,121,126,244,177,200
Chinese Shar Pei,non-sporting,,50,20054.5,51,,11.13,,4,,840,,,,-,,-,,,,,,,medium,24,52.5,48,19,Average,25-40,>50,-,"canine hay fever, skin, eye, hip problems","Atopy, Demodicosis/ Demodectic mange, Entropion, Hip dysplasia",no data,,840,mid-price,350,2000,no data,no data,no data,no data,,no data,no data,1046,784,121,126,244,177,200
Collie,herding,,36,20054.5,16,,9.73,,2,,650,,,,-,,-,,,,,,,large,28,62.5,61,24,Excellent,15-May,>85,-,"eye, skin and muscle disorders","Collie eye anomaly (CEA), Dermatomyositis and ulcerative dermatosis",no data,,650,budget,350,950,no data,no data,no data,no data,,no data,no data,1046,784,121,126,244,177,200
Curly Coated Retriever,sporting,,154,20054.5,41,,10.75,,0,,no data,,,,2,,2,,,,,,,large,no data,no data,64,25,Average,25-40,>50,40,none,none,no data,,no data,no data,no data,no data,8.75,7.5,10,11.67,,6548,11244,1046,784,121,126,244,177,200
English Foxhound,hound,,171,20054.5,46,,9.73,,0,,no data,,,,-,,-,,,,,,,large,no data,no data,61,24,Average,25-40,>50,-,none,none,no data,,no data,no data,no data,no data,no data,no data,no data,no data,,no data,no data,1046,784,121,126,244,177,200
Entlebucher Mountain Dog,herding,,146,20054.5,no data,,11.13,,no data,,1167,,,,-,,-,,,,,,,medium,no data,no data,47,18.5,no data,no data,no data,-,no data,no data,no data,,1167,mid-price,"1,000","1,300",no data,no data,no data,no data,,no data,no data,1046,784,121,126,244,177,200
Field Spaniel,sporting,,141,20054.5,34,,9.9,,0,,no data,,,,1,,2,,,,,,,medium,no data,no data,44,17.5,Above average,15-25,>70,139,none,none,no data,,no data,no data,no data,no data,5.75,4,7.5,7.67,,3963,10355,1046,784,121,126,244,177,200
Finnish Lapphund,herding,,104,20054.5,no data,,7.33,,no data,,no data,,,,1,,1,,,,,,,medium,no data,no data,47,18.5,no data,no data,no data,5,no data,no data,no data,,no data,no data,no data,no data,5.75,4,7.5,7.67,,2934,7667,1046,784,121,126,244,177,200
Finnish Spitz,non-sporting,,167,20054.5,43,,11.17,,0,,no data,,,,2,,1,,,,,,,medium,no data,no data,45,17.75,Average,25-40,>50,42,none,none,no data,,no data,no data,no data,no data,5.75,4,7.5,7.67,,4471,11683,1046,784,121,126,244,177,200
German Pinscher,working,,137,20054.5,no data,,11.42,,no data,,1500,,,,-,,-,,,,,,,medium,no data,no data,47,18.5,no data,no data,no data,24,no data,no data,no data,,1500,high-end,1500,1500,no data,no data,no data,no data,,no data,11945,1046,784,121,126,244,177,200
German Wirehaired Pointer,sporting,,75,20054.5,44,,10.0,,1,,655,,,,-,,-,,,,,,,large,no data,no data,61,24,Average,25-40,>50,41,hip problems,hip dysplasia,no data,,655,budget,600,800,no data,no data,no data,no data,,no data,10459,1046,784,121,126,244,177,200
Glen of Imaal Terrier,terrier,,158,20054.5,no data,,10.42,,no data,,no data,,,,-,,-,,,,,,,small,16,35,34,13.25,no data,no data,no data,6,no data,no data,no data,,no data,no data,no data,no data,no data,no data,no data,no data,,no data,10899,1046,784,121,126,244,177,200
Great Pyrenees,working,,71,20054.5,64,,10.0,,1,,503,,,,-,,-,,,,,,,large,no data,no data,72,28.5,Fair,40-80,>30,454,hip problems,hip dysplasia,no data,,503,budget,225,800,no data,no data,no data,no data,,no data,10459,1046,784,121,126,244,177,200
Greater Swiss Mountain Dog,working,,82,20054.5,no data,,6.8,,1,,1605,,,,-,,-,,,,,,,large,no data,no data,66,26,no data,no data,no data,71,hip problems,hip dysplasia,no data,,1605,high-end,900,2500,no data,no data,no data,no data,,no data,7112,1046,784,121,126,244,177,200
Harrier,hound,,172,20054.5,no data,,11.13,,0,,no data,,,,-,,-,,,,,,,medium,no data,no data,51,20,no data,no data,no data,-,none,none,no data,,no data,no data,no data,no data,no data,no data,no data,no data,,no data,no data,1046,784,121,126,244,177,200
Havanese,toy,,31,20054.5,no data,,10.25,,0,,830,,,,-,,-,,,,,,,small,no data,no data,25,9.75,no data,no data,no data,3,none,none,no data,,830,mid-price,300,1500,no data,no data,no data,no data,,no data,10721,1046,784,121,126,244,177,200
Ibizan Hound,hound,,149,20054.5,53,,9.73,,0,,1500,,,,2,,1,,,,,,,large,no data,no data,64,25,Average,25-40,>50,-,none,none,no data,,1500,high-end,1500,1500,5.75,4,7.5,7.67,,no data,no data,1046,784,121,126,244,177,200
Icelandic Sheepdog,herding,,143,20054.5,no data,,11.13,,no data,,no data,,,,-,,-,,,,,,,medium,no data,no data,44,17.25,no data,no data,no data,-,no data,no data,no data,,no data,no data,no data,no data,no data,no data,no data,no data,,no data,no data,1046,784,121,126,244,177,200
Irish Red and White Setter,sporting,,147,20054.5,no data,,11.57,,no data,,1000,,,,-,,-,,,,,,,large,no data,no data,62,24.25,no data,no data,no data,199,no data,no data,no data,,1000,mid-price,"1,000","1,000",no data,no data,no data,no data,,no data,12102,1046,784,121,126,244,177,200
Irish Terrier,terrier,,132,20054.5,53,,11.13,,0,,588,,,,2,,1,,,,,,,medium,12,26,46,18,Average,25-40,>50,-,none,none,no data,,588,budget,400,850,5.75,4,7.5,7.67,,no data,no data,1046,784,121,126,244,177,200
Irish Water Spaniel,sporting,,150,20054.5,24,,9.33,,1,,no data,,,,2,,1,,,,,,,medium,25,55,57,22.5,Excellent,15-May,>85,95,hip problems,hip dysplasia,no data,,no data,no data,no data,no data,8.75,7.5,10,11.67,,5683,9759,1046,784,121,126,244,177,200
Japanese Chin,toy,,78,20054.5,62,,9.25,,0,,513,,,,-,,-,,,,,,,small,no data,no data,24,9.5,Fair,40-80,>30,38,none,none,no data,,513,budget,200,800,no data,no data,no data,no data,,no data,9675,1046,784,121,126,244,177,200
Keeshond,non-sporting,,98,20054.5,16,,12.17,,1,,610,,,,-,,-,,,,,,,medium,no data,no data,44,17.5,Excellent,15-May,>85,104,hip problems,hip dysplasia,no data,,610,budget,350,1000,no data,no data,no data,no data,,no data,12729,1046,784,121,126,244,177,200
Komondor,working,,166,20054.5,no data,,9.17,,1,,656,,,,-,,-,,,,,,,large,45,100,70,27.5,no data,no data,no data,10,hip problems,hip dysplasia,no data,,656,budget,500,850,no data,no data,no data,no data,,no data,9591,1046,784,121,126,244,177,200
Kuvasz,working,,148,20054.5,42,,9.73,,1,,no data,,,,-,,-,,,,,,,large,42,92.5,71,28,Average,25-40,>50,-,hip problems,hip dysplasia,no data,,no data,no data,no data,no data,no data,no data,no data,no data,,no data,no data,1046,784,121,126,244,177,200
Lakeland Terrier,terrier,,135,20054.5,62,,11.84,,0,,1093,,,,2,,1,,,,,,,small,8,17,37,14.5,Fair,40-80,>30,-,none,none,no data,,1093,mid-price,575,1600,5.75,4,7.5,7.67,,no data,no data,1046,784,121,126,244,177,200
Leonberger,working,,103,15141.0,no data,,6.98,,no data,,1480,,,,2,,1,,,,,,,large,no data,no data,72,28.5,no data,no data,no data,125,no data,no data,13232,,1480,mid-price,700,1800,8.75,7.5,10,11.67,,4251,7301,1046,784,121,126,244,177,200
Lowchen,non-sporting,,152,20054.5,no data,,10.0,,0,,no data,,,,-,,-,,,,,,,small,no data,no data,33,13,no data,no data,no data,9,none,none,no data,,no data,no data,no data,no data,no data,no data,no data,no data,,no data,10459,1046,784,121,126,244,177,200
Manchester Terrier,terrier,,119,20054.5,32,,9.32,,0,,720,,,,-,,-,,,,,,,small,8,17,no data,no data,Above average,15-25,>70,142,none,none,no data,,720,mid-price,140,1500,no data,no data,no data,no data,,no data,9748,1046,784,121,126,244,177,200
Miniature Bull Terrier,terrier,,127,20054.5,no data,,6.6,,0,,1740,,,,-,,-,,,,,,,small,no data,no data,30,12,no data,no data,no data,73,none,none,no data,,1740,high-end,999,2800,no data,no data,no data,no data,,no data,6903,1046,784,121,126,244,177,200
Miniature Pinscher,toy,,42,20054.5,37,,11.84,,0,,535,,,,-,,-,,,,,,,small,no data,no data,29,11.25,Above average,15-25,>70,-,none,none,no data,,535,budget,300,900,no data,no data,no data,no data,,no data,no data,1046,784,121,126,244,177,200
Neapolitan Mastiff,working,,110,20054.5,no data,,9.73,,1,,1760,,,,2,,1,,,,,,,large,59,130,70,27.5,no data,no data,no data,-,hip problems,hip dysplasia,no data,,1760,high-end,850,3500,15,15,15,20.01,,no data,no data,1046,784,121,126,244,177,200
Norwegian Buhund,herding,,165,20054.5,no data,,12.67,,no data,,no data,,,,-,,-,,,,,,,medium,15,33,44,17.25,no data,no data,no data,17,no data,no data,no data,,no data,no data,no data,no data,no data,no data,no data,no data,,no data,13252,1046,784,121,126,244,177,200
Norwegian Elkhound,hound,,96,20054.5,36,,11.13,,1,,448,,,,-,,-,,,,,,,medium,23,51.5,51,20,Above average,15-25,>70,-,hip problems,hip dysplasia,no data,,448,budget,350,500,no data,no data,no data,no data,,no data,no data,1046,784,121,126,244,177,200
Norwegian Lundehund,non-sporting,,170,20054.5,no data,,11.84,,no data,,no data,,,,-,,-,,,,,,,small,no data,no data,34,13.5,no data,no data,no data,-,no data,no data,no data,,no data,no data,no data,no data,no data,no data,no data,no data,,no data,no data,1046,784,121,126,244,177,200
Norwich Terrier,terrier,,89,20054.5,38,,11.84,,0,,1245,,,,2,,2,,,,,,,small,5,12,25,10,Above average,15-25,>70,-,none,none,no data,,1245,mid-price,750,2000,5.75,4,7.5,7.67,,no data,no data,1046,784,121,126,244,177,200
Nova Scotia Duck Tolling Retriever,sporting,,107,12653.0,no data,,6.5,,1,,1500,,,,2,,1,,,,,,,medium,no data,no data,48,19,no data,no data,no data,150,hip problems,hip dysplasia,11100,,1500,high-end,1500,1500,5.75,4,7.5,7.67,,2602,6799,1046,784,121,126,244,177,200
Otterhound,hound,,169,20054.5,46,,10.8,,1,,no data,,,,2,,1,,,,,,,large,44,97.5,65,25.5,Average,25-40,>50,41,hip problems,hip dysplasia,no data,,no data,no data,no data,no data,5.75,4,7.5,7.67,,4323,11296,1046,784,121,126,244,177,200
Parson Russell Terrier,terrier,,97,20054.5,no data,,11.84,,0,,528,,,,2,,2,,,,,,,small,7,15,34,13.5,no data,no data,no data,-,none,none,no data,,528,budget,150,850,5.75,4,7.5,7.67,,no data,no data,1046,784,121,126,244,177,200
Petit Basset Griffon Vendeen,hound,,131,20054.5,62,,12.7,,0,,400,,,,-,,-,,,,,,,small,no data,no data,36,14,Fair,40-80,>30,45,none,none,no data,,400,budget,250,700,no data,no data,no data,no data,,no data,13284,1046,784,121,126,244,177,200
Plott,hound,,145,20054.5,no data,,11.13,,0,,no data,,,,-,,-,,,,,,,medium,23,50,57,22.5,no data,no data,no data,-,none,none,no data,,no data,no data,no data,no data,no data,no data,no data,no data,,no data,no data,1046,784,121,126,244,177,200
Polish Lowland Sheepdog,herding,,159,20054.5,no data,,10.8,,no data,,no data,,,,2,,2,,,,,,,medium,no data,no data,47,18.5,no data,no data,no data,30,no data,no data,no data,,no data,no data,no data,no data,5.75,4,7.5,7.67,,4323,11296,1046,784,121,126,244,177,200
Portuguese Water Dog,working,,56,20054.5,no data,,11.42,,0,,no data,,,,-,,-,,,,,,,medium,22,47.5,51,20,no data,no data,no data,6,none,none,no data,,no data,no data,no data,no data,no data,no data,no data,no data,,no data,11945,1046,784,121,126,244,177,200
Puli,herding,,156,20054.5,27,,11.13,,0,,913,,,,-,,-,,,,,,,medium,no data,no data,42,16.5,Above average,15-25,>70,-,none,none,no data,,913,mid-price,700,1000,no data,no data,no data,no data,,no data,no data,1046,784,121,126,244,177,200
Pyrenean Shepherd,herding,,162,20054.5,no data,,11.13,,no data,,no data,,,,-,,-,,,,,,,medium,no data,no data,46,18,no data,no data,no data,-,no data,no data,no data,,no data,no data,no data,no data,no data,no data,no data,no data,,no data,no data,1046,784,121,126,244,177,200
Redbone Coonhound,hound,,126,20054.5,no data,,9.73,,0,,425,,,,-,,-,,,,,,,large,no data,no data,61,24,no data,no data,no data,-,none,none,no data,,425,budget,300,700,no data,no data,no data,no data,,no data,no data,1046,784,121,126,244,177,200
Schipperke,non-sporting,,105,20054.5,15,,13.0,,4,,658,,,,-,,-,,,,,,,small,no data,no data,29,11.5,Excellent,15-May,>85,36,"hair loss, diabetes, skin problems","colour dilution alopecia, Diabetes mellitus, Follicular dysplasias, Pemphigus",no data,,658,budget,300,975,no data,no data,no data,no data,,no data,13597,1046,784,121,126,244,177,200
Scottish Deerhound,hound,,142,20054.5,47,,8.7,,2,,no data,,,,-,,-,,,,,,,large,42,92.5,no data,no data,Average,25-40,>50,300,"heart problems, fatal stomach bloat","Dilated cardiomyopathy, Gastric dilatation-volvulus",no data,,no data,no data,no data,no data,no data,no data,no data,no data,,no data,9100,1046,784,121,126,244,177,200
Sealyham Terrier,terrier,,163,20054.5,56,,12.25,,1,,no data,,,,-,,-,,,,,,,small,11,24,27,10.5,Fair,40-80,>30,12,eye problems,Retinal dysplasia,no data,,no data,no data,no data,no data,no data,no data,no data,no data,,no data,12813,1046,784,121,126,244,177,200
Shiba Inu,non-sporting,,53,20054.5,no data,,7.0,,1,,890,,,,-,,-,,,,,,,small,9,20,38,15,no data,no data,no data,3,hip problems,hip dysplasia,no data,,890,mid-price,650,1400,no data,no data,no data,no data,,no data,7322,1046,784,121,126,244,177,200
Silky Terrier,toy,,85,20054.5,37,,14.25,,0,,448,,,,-,,-,,,,,,,small,5,10,24,9.5,Above average,15-25,>70,3,none,none,no data,,448,budget,250,500,no data,no data,no data,no data,,no data,14905,1046,784,121,126,244,177,200
Skye Terrier,terrier,,164,20054.5,55,,11.0,,0,,550,,,,-,,-,,,,,,,small,18,40,25,9.75,Fair,40-80,>30,37,none,none,no data,,550,budget,500,600,no data,no data,no data,no data,,no data,11505,1046,784,121,126,244,177,200
Smooth Fox Terrier,terrier,,113,20054.5,40,,13.17,,0,,575,,,,-,,-,,,,,,,small,8,17.5,38,15,Average,25-40,>50,44,none,none,no data,,575,budget,450,750,no data,no data,no data,no data,,no data,13775,1046,784,121,126,244,177,200
Soft-Coated Wheaten Terrier,terrier,,52,20054.5,40,,12.16,,0,,832,,,,-,,-,,,,,,,medium,16,35,46,18,Average,25-40,>50,345,none,none,no data,,832,mid-price,675,1000,no data,no data,no data,no data,,no data,12719,1046,784,121,126,244,177,200
Spinone Italiano,sporting,,123,20054.5,no data,,9.0,,no data,,1725,,,,-,,-,,,,,,,large,no data,no data,62,24.5,no data,no data,no data,47,no data,no data,no data,,1725,high-end,1100,2000,no data,no data,no data,no data,,no data,9414,1046,784,121,126,244,177,200
Standard Schnauzer,working,,91,20054.5,18,,11.13,,1,,855,,,,-,,-,,,,,,,medium,no data,no data,47,18.5,Excellent,15-May,>85,-,hip problems,hip dysplasia,no data,,855,mid-price,50,1500,no data,no data,no data,no data,,no data,no data,1046,784,121,126,244,177,200
Sussex Spaniel,sporting,,161,20054.5,no data,,11.17,,0,,no data,,,,2,,3,,,,,,,small,18,40,36,14,no data,no data,no data,42,none,none,no data,,no data,no data,no data,no data,5.75,4,7.5,7.67,,4471,11683,1046,784,121,126,244,177,200
Swedish Vallhund,herding,,153,22839.0,no data,,14.17,,no data,,772,,,,2,,1,,,,,,,small,no data,no data,32,12.5,no data,no data,no data,7,no data,no data,19739,,772,mid-price,550,1000,4,4,4,5.34,,3946,14821,1046,784,121,126,244,177,200
Tibetan Mastiff,working,,122,23747.0,no data,,11.92,,no data,,3460,,,,2,,1,,,,,,,large,no data,no data,64,25,no data,no data,no data,10,no data,no data,20899,,3460,high-end,800,6500,5.75,4,7.5,7.67,,4771,12468,1046,784,121,126,244,177,200
Toy Fox Terrier,toy,,101,20054.5,no data,,11.84,,no data,,460,,,,-,,-,,,,,,,small,no data,no data,25,10,no data,no data,no data,-,no data,no data,no data,,460,budget,200,650,no data,no data,no data,no data,,no data,no data,1046,784,121,126,244,177,200
Vizsla,sporting,,37,20054.5,25,,12.5,,0,,935,,,,-,,-,,,,,,,medium,no data,no data,57,22.5,Excellent,15-May,>85,6,none,none,no data,,935,mid-price,800,1200,no data,no data,no data,no data,,no data,13074,1046,784,121,126,244,177,200
Weimaraner,sporting,,32,20054.5,21,,9.73,,1,,562,,,,2,,1,,,,,,,large,no data,no data,64,25,Excellent,15-May,>85,-,hip problems,hip dysplasia,no data,,562,budget,300,900,5.75,4,7.5,7.67,,no data,no data,1046,784,121,126,244,177,200
Welsh Terrier,terrier,,99,20054.5,53,,11.84,,0,,843,,,,2,,1,,,,,,,small,9,20,38,15,Average,25-40,>50,-,none,none,no data,,843,mid-price,575,1250,4,4,4,5.34,,no data,no data,1046,784,121,126,244,177,200
Wire Fox Terrier,terrier,,100,20054.5,51,,13.17,,0,,668,,,,-,,-,,,,,,,small,8,17.5,38,15,Average,25-40,>50,44,none,none,no data,,668,budget,175,1600,no data,no data,no data,no data,,no data,13775,1046,784,121,126,244,177,200
Wirehaired Pointing Griffon,sporting,,92,20054.5,46,,8.8,,0,,755,,,,-,,-,,,,,,,medium,no data,no data,56,22,Average,25-40,>50,16,none,none,no data,,755,mid-price,750,800,no data,no data,no data,no data,,no data,9204,1046,784,121,126,244,177,200
Xoloitzcuintli,non-sporting,,155,20054.5,no data,,11.13,,no data,,717,,,,-,,-,,,,,,,medium,no data,no data,42,16.5,no data,no data,no data,-,no data,no data,no data,,717,mid-price,300,"2,000",no data,no data,no data,no data,,no data,no data,1046,784,121,126,244,177,200
